controller,gemini_suiteOk_count,gemini_line_cov_mean5,gemini_line_cov_exec_mean,gemini_branch_cov_mean5,gemini_func_cov_mean5,gemini_mutation_strict_mean,gemini_mutation_stryker_mean,groq_suiteOk_count,groq_line_cov_mean5,groq_line_cov_exec_mean,groq_branch_cov_mean5,groq_func_cov_mean5,groq_mutation_strict_mean,groq_mutation_stryker_mean
01_auth_controller.js,5/5,86.05,86.05,97.78,25.0,0.8552238805970148,0.8552238805970148,5/5,84.19,84.19,92.59,25.0,0.8014925373134328,0.8014925373134328
02_product_controller.js,4/5,76.53600000000002,95.67000000000002,77.858,40.0,0.8835978835978835,0.8835978835978835,5/5,91.92200000000001,91.92200000000001,88.57,50.0,0.7798941798941799,0.7798941798941799
03_payment_controller.js,5/5,90.616,90.616,96.364,37.14399999999999,0.8117647058823529,0.8117647058823529,3/5,82.856,82.856,69.7,17.145999999999997,0.6610644257703081,0.6610644257703081
04_upload_controller.js,5/5,94.596,94.596,94.28800000000001,71.428,0.9052631578947368,0.9073684210526316,4/5,87.57000000000001,87.57000000000001,85.71,34.284,0.7526315789473684,0.7526315789473684
05_order_controller.js,5/5,91.728,91.728,93.634,40.0,0.8491228070175438,0.8491228070175438,5/5,85.518,85.518,88.636,25.0,0.7134502923976609,0.7134502923976609
06_user_controller.js,5/5,89.33,89.33,94.23000000000002,27.27,0.8625,0.8682692307692308,4/5,83.732,83.732,90.386,29.088,0.7920673076923077,0.7920673076923077
07_cart_controller.js,5/5,95.96,95.96,93.91,66.67,0.9478260869565217,0.9494071146245059,2/5,86.26400000000001,86.26400000000001,84.93,66.67,0.6462450592885376,0.6462450592885376
08_comment_controller.js,4/5,96.13000000000001,96.13000000000001,91.84,73.336,0.9223163841807909,0.9223163841807909,5/5,86.774,86.774,89.8,55.56,0.776271186440678,0.7785310734463277
09_notification_controller.js,5/5,96.36399999999999,96.36399999999999,95.75800000000001,77.144,0.9238805970149254,0.926865671641791,4/5,90.91,90.91,95.75800000000001,42.86,0.8283582089552239,0.8283582089552239
10_analytics_controller.js,3/5,78.18199999999999,97.72749999999999,75.172,68.0,0.7591397849462366,0.7634408602150539,5/5,95.758,95.758,81.38,80.0,0.5458064516129032,0.5458064516129032
11_oauth_controller.js,3/5,85.304,85.304,87.272,46.664,0.8194444444444445,0.8250000000000001,4/5,79.998,79.998,74.548,35.553999999999995,0.68125,0.6854166666666667
12_subscription_controller.js,2/5,91.364,91.364,93.846,36.664,0.8379310344827586,0.8413793103448276,3/5,80.0,80.0,77.436,33.33,0.7379310344827585,0.7448275862068966
13_search_controller.js,4/5,97.71600000000001,97.71600000000001,98.788,84.0,0.8660714285714285,0.8727678571428571,4/5,94.29,94.29,93.94,60.0,0.703125,0.7075892857142857
14_review_controller.js,5/5,95.63600000000001,95.63600000000001,92.828,70.0,0.9,0.9,5/5,86.544,86.544,89.812,25.0,0.7301075268817204,0.7311827956989247
15_category_controller.js,5/5,97.19200000000001,97.19200000000001,95.296,82.224,0.8824427480916031,0.917557251908397,4/5,92.63000000000001,92.63000000000001,90.59200000000001,55.56,0.75,0.782442748091603
16_shipping_controller.js,5/5,100.0,100.0,97.56,100.0,0.8422680412371134,0.843298969072165,2/5,95.5,95.5,91.70400000000001,76.0,0.731958762886598,0.7345360824742269
17_coupon_controller.js,4/5,98.124,98.124,91.704,76.0,0.8618421052631579,0.8640350877192982,5/5,92.502,92.502,89.752,40.0,0.7482456140350877,0.7508771929824561
18_wishlist_controller.js,5/5,93.74799999999999,93.74799999999999,94.12,62.5,0.932824427480916,0.932824427480916,5/5,87.08,87.08,85.88000000000001,37.5,0.816793893129771,0.8213740458015268
19_audit_controller.js,3/5,96.92,96.92,96.896,60.0,0.8611111111111112,0.862962962962963,3/5,89.998,89.998,84.482,50.0,0.7351851851851853,0.7351851851851853
20_chat_controller.js,5/5,91.67,91.67,91.428,28.57,0.898360655737705,0.9005464480874318,3/5,79.99799999999999,79.99799999999999,80.714,28.57,0.8287795992714025,0.8287795992714025
21_rbac_controller.js,5/5,90.944,90.944,90.66600000000001,40.0,0.8790123456790123,0.8827160493827162,5/5,84.91,84.91,88.89,25.0,0.780246913580247,0.7814814814814816
22_twofactor_controller.js,5/5,96.0,96.0,94.542,74.54400000000001,0.8954545454545455,0.8988636363636363,4/5,69.332,86.66499999999999,74.998,27.27,0.7642045454545454,0.765625
23_export_controller.js,5/5,97.14,97.14,96.128,80.0,0.9302752293577982,0.9339449541284403,4/5,96.0,96.0,92.904,80.0,0.8807339449541285,0.8830275229357798
24_webhook_controller.js,4/5,93.75,93.75,97.39000000000001,66.666,0.9205882352941176,0.9235294117647058,5/5,87.5,87.5,84.35,33.33,0.8329411764705883,0.8352941176470589
25_health_controller.js,5/5,100.0,100.0,100.0,100.0,0.9781818181818182,0.9818181818181818,1/5,89.654,89.654,86.0,70.0,0.6,0.6
