controller,suiteOk,testsPassed,testsFailed,testsTotal,errorCategory,statementCoverage,lineCoverage,branchCoverage,functionCoverage
01_auth_controller.js,true,6,0,6,none,30.23,30.23,29.63,25
02_product_controller.js,true,6,0,6,none,51.92,51.92,44.64,75
03_payment_controller.js,true,3,0,3,none,18.37,18.37,12.12,14.29
04_upload_controller.js,true,6,0,6,none,37.84,37.84,28.57,28.57
05_order_controller.js,true,6,0,6,none,27.59,27.59,29.55,25
06_user_controller.js,true,9,0,9,none,30.67,30.67,26.92,36.36
07_cart_controller.js,true,12,0,12,none,37.25,38.38,42.03,41.67
08_comment_controller.js,true,9,0,9,none,38.71,38.71,40.82,33.33
09_notification_controller.js,true,9,0,9,none,65.91,65.91,75.76,71.43
10_analytics_controller.js,true,6,0,6,none,42.86,45.45,41.38,60
11_oauth_controller.js,true,6,0,6,none,23.53,24.49,27.27,22.22
12_subscription_controller.js,true,6,0,6,none,47.73,47.73,43.59,50
13_search_controller.js,true,6,0,6,none,31.58,34.29,30.3,40
14_review_controller.js,true,6,0,6,none,30.91,30.91,30.19,25
15_category_controller.js,true,9,0,9,none,35.09,35.09,20.59,44.44
16_shipping_controller.js,true,6,0,6,none,31.71,32.5,21.95,40
17_coupon_controller.js,true,6,0,6,none,18.75,18.75,17.07,40
18_wishlist_controller.js,true,9,0,9,none,56.25,56.25,58.82,50
19_audit_controller.js,true,6,0,6,none,52.73,55.77,53.45,75
20_chat_controller.js,true,6,0,6,none,33.33,33.33,33.93,28.57
21_rbac_controller.js,true,6,0,6,none,33.96,33.96,33.33,25
22_twofactor_controller.js,true,9,0,9,none,52.46,53.33,54.55,54.55
23_export_controller.js,true,3,0,3,none,18.42,20,12.9,20
24_webhook_controller.js,true,6,0,6,none,40.63,40.63,26.09,33.33
25_health_controller.js,true,6,0,6,none,74.19,79.31,50,100
