controller,status,killed,timeout,survived,noCoverage,total,mutation_score_strict,mutation_score_stryker
01_auth_controller.js,ok,106,0,12,16,134,0.7910447761194029,0.7910447761194029
02_product_controller.js,ok,131,0,34,24,189,0.6931216931216931,0.6931216931216931
03_payment_controller.js,not_runnable,,,,,,,
04_upload_controller.js,ok,76,0,14,5,95,0.8,0.8
05_order_controller.js,ok,137,0,28,6,171,0.8011695906432749,0.8011695906432749
06_user_controller.js,ok,164,0,27,17,208,0.7884615384615384,0.7884615384615384
07_cart_controller.js,not_runnable,,,,,,,
08_comment_controller.js,ok,130,0,22,25,177,0.7344632768361582,0.7344632768361582
09_notification_controller.js,ok,113,0,17,4,134,0.8432835820895522,0.8432835820895522
10_analytics_controller.js,ok,88,0,66,1,155,0.567741935483871,0.567741935483871
11_oauth_controller.js,ok,87,0,11,22,120,0.725,0.725
12_subscription_controller.js,not_runnable,,,,,,,
13_search_controller.js,ok,79,1,28,4,112,0.7053571428571429,0.7142857142857143
14_review_controller.js,ok,138,0,41,7,186,0.7419354838709677,0.7419354838709677
15_category_controller.js,ok,97,4,27,3,131,0.7404580152671756,0.7709923664122137
16_shipping_controller.js,ok,150,1,43,0,194,0.7731958762886598,0.7783505154639175
17_coupon_controller.js,ok,172,0,46,10,228,0.7543859649122807,0.7543859649122807
18_wishlist_controller.js,ok,109,2,13,7,131,0.8320610687022901,0.8473282442748091
19_audit_controller.js,ok,130,0,32,18,180,0.7222222222222222,0.7222222222222222
20_chat_controller.js,ok,152,0,18,13,183,0.8306010928961749,0.8306010928961749
21_rbac_controller.js,ok,130,0,17,15,162,0.8024691358024691,0.8024691358024691
22_twofactor_controller.js,ok,142,0,23,11,176,0.8068181818181818,0.8068181818181818
23_export_controller.js,ok,96,0,7,6,109,0.8807339449541285,0.8807339449541285
24_webhook_controller.js,ok,74,0,7,4,85,0.8705882352941177,0.8705882352941177
25_health_controller.js,not_runnable,,,,,,,